{"cameraMode":{"drawMode":0,"name":"Shaded","section":"Shading Mode"},"sceneLighting":true,"audioPlay":false,"sceneViewState":{"m_AlwaysRefresh":true,"showFog":true,"showSkybox":true,"showFlares":true,"showImageEffects":true,"showParticleSystems":true,"showVisualEffectGraphs":true,"m_FxEnabled":true},"in2DMode":false,"pivot":{"x":0.13369633257389069,"y":0.47717466950416567,"z":-0.3527544140815735},"rotation":{"x":0.005248415283858776,"y":0.9841537475585938,"z":-0.02953340671956539,"w":0.17481361329555512},"size":0.19933393597602845,"orthographic":false}